{
    "site.sql": {
        "dbtype": "mysqli",
        "dbtech": "mysql",
        "dbname": "revis",
        "sqlfile": "site.sql",
        "marker": "\n\/**ABDB**\/",
        "dbhost": "localhost",
        "dbuser": "root",
        "dbpass": null,
        "prefix": "cc09r_",
        "parts": 4,
        "tables": [
            "#__action_log_config",
            "#__action_logs",
            "#__action_logs_extensions",
            "#__action_logs_users",
            "#__akeeba_common",
            "#__akeebabackup_backups",
            "#__akeebabackup_profiles",
            "#__akeebabackup_storage",
            "#__assets",
            "#__associations",
            "#__banner_clients",
            "#__banner_tracks",
            "#__banners",
            "#__categories",
            "#__contact_details",
            "#__content",
            "#__content_frontpage",
            "#__content_rating",
            "#__content_types",
            "#__contentitem_tag_map",
            "#__core_log_searches",
            "#__extensions",
            "#__fields",
            "#__fields_categories",
            "#__fields_groups",
            "#__fields_values",
            "#__finder_filters",
            "#__finder_links",
            "#__finder_links_terms",
            "#__finder_logging",
            "#__finder_taxonomy",
            "#__finder_taxonomy_map",
            "#__finder_terms",
            "#__finder_terms_common",
            "#__finder_tokens",
            "#__finder_tokens_aggregate",
            "#__finder_types",
            "#__history",
            "#__languages",
            "#__layerslider",
            "#__layerslider_options",
            "#__layerslider_revisions",
            "#__mail_templates",
            "#__menu",
            "#__menu_types",
            "#__messages",
            "#__messages_cfg",
            "#__mi_iptable",
            "#__modules",
            "#__modules_menu",
            "#__newsfeeds",
            "#__overrider",
            "#__postinstall_messages",
            "#__privacy_consents",
            "#__privacy_requests",
            "#__redirect_links",
            "#__schemas",
            "#__session",
            "#__spmedia",
            "#__sppagebuilder",
            "#__sppagebuilder_addons",
            "#__sppagebuilder_integrations",
            "#__sppagebuilder_languages",
            "#__sppagebuilder_sections",
            "#__tags",
            "#__template_overrides",
            "#__template_styles",
            "#__ucm_base",
            "#__ucm_content",
            "#__update_sites",
            "#__update_sites_extensions",
            "#__updates",
            "#__user_keys",
            "#__user_notes",
            "#__user_profiles",
            "#__user_usergroup_map",
            "#__usergroups",
            "#__users",
            "#__viewlevels",
            "#__webauthn_credentials",
            "#__workflow_associations",
            "#__workflow_stages",
            "#__workflow_transitions",
            "#__workflows"
        ]
    }
}